{
  "labels": [
    "1",
    "3",
    "4"
  ],
  "macro": {
    "precision": 0.8383178474641889,
    "recall": 0.8060538944259874,
    "f1": 0.815022815022815,
    "accuracy": 0.8282828282828283
  },
  "per_class": {
    "1": {
      "precision": 0.875,
      "recall": 0.6666666666666666,
      "f1": 0.7567567567567568,
      "support": 21
    },
    "3": {
      "precision": 0.7619047619047619,
      "recall": 0.9142857142857143,
      "f1": 0.8311688311688312,
      "support": 35
    },
    "4": {
      "precision": 0.8780487804878049,
      "recall": 0.8372093023255814,
      "f1": 0.8571428571428571,
      "support": 43
    }
  },
  "cm": [
    [
      14,
      5,
      2
    ],
    [
      0,
      32,
      3
    ],
    [
      2,
      5,
      36
    ]
  ]
}